,Unnamed: 0,copy,fasta,binEdges,RgHist,RgStart,RgEnd,RMSF,negativeFasta,positiveFasta,negativepH,positivepH
0,0,0,MGTESGDPEEEELEEEEELVDPLETTVREQCEQLDEKCVKARERLEELCDERVSSRQSHTEEDCTEEKLFDFLHARDHMCVAHKLFNNLLK,"[13.43309119 13.85200967 14.27092815 ... 16.78443902 17.2033575
 17.62227598]",13.852009671029922,17.529203035388036,13.987992165992699,6.71454115258935,31.549450549450547,11.967032967032967,-0.621903448275862,6.89655172413793e-08
1,1,1,MGTESGDPEEEELEEEEELVDPLETTVREQCEQLDEKCVKARERLEELCDERVSSRQSHTEEDCTEEKLFDFLHARDHMCVAHKLFNNLLK,"[13.17013337 13.83064021 14.49114704 ... 18.45418806 19.11469489
 19.77520173]",13.830640208051324,17.377167211387757,15.734622640319346,5.773384933957868,31.549450549450547,11.967032967032967,-0.621903448275862,6.89655172413793e-08
2,2,2,MGTESGDPEEEELEEEEELVDPLETTVREQCEQLDEKCVKARERLEELCDERVSSRQSHTEEDCTEEKLFDFLHARDHMCVAHKLFNNLLK,"[15.37611685 15.97973519 16.58335353 ... 20.20506354 20.80868188
 21.41230022]",15.9797351896885,17.46361002522754,16.183759093143625,5.920950731861268,31.549450549450547,11.967032967032967,-0.621903448275862,6.89655172413793e-08
3,3,3,MGTESGDPEEEELEEEEELVDPLETTVREQCEQLDEKCVKARERLEELCDERVSSRQSHTEEDCTEEKLFDFLHARDHMCVAHKLFNNLLK,"[14.07326051 14.53314606 14.99303161 ... 17.7523449  18.21223045
 18.672116  ]",14.53314605615979,17.46500919099525,15.489635712234762,5.1495140884168915,31.549450549450547,11.967032967032967,-0.621903448275862,6.89655172413793e-08
4,4,4,MGTESGDPEEEELEEEEELVDPLETTVREQCEQLDEKCVKARERLEELCDERVSSRQSHTEEDCTEEKLFDFLHARDHMCVAHKLFNNLLK,"[13.09664909 13.80398189 14.51131469 ... 18.75531149 19.46264429
 20.1699771 ]",13.09664909029664,17.423787491053034,13.805942843909927,3.9310196619007796,31.549450549450547,11.967032967032967,-0.621903448275862,6.89655172413793e-08
5,5,5,MGTESGDPEEEELEEEEELVDPLETTVREQCEQLDEKCVKARERLEELCDERVSSRQSHTEEDCTEEKLFDFLHARDHMCVAHKLFNNLLK,"[13.56271583 14.01885898 14.47500214 ... 17.21186106 17.66800421
 18.12414736]",14.018858983032533,17.413856922850776,14.074480419597506,5.808339803160199,31.549450549450547,11.967032967032967,-0.621903448275862,6.89655172413793e-08
6,6,6,MGTESGDPEEEELEEEEELVDPLETTVREQCEQLDEKCVKARERLEELCDERVSSRQSHTEEDCTEEKLFDFLHARDHMCVAHKLFNNLLK,"[14.04135559 14.38365319 14.72595079 ... 16.77973642 17.12203402
 17.46433162]",15.410546001630175,17.464331623534544,15.407502011612511,3.4328705253043044,31.549450549450547,11.967032967032967,-0.621903448275862,6.89655172413793e-08
7,7,7,MGTESGDPEEEELEEEEELVDPLETTVREQCEQLDEKCVKARERLEELCDERVSSRQSHTEEDCTEEKLFDFLHARDHMCVAHKLFNNLLK,"[13.79368104 14.38448187 14.9752827  ... 18.52008769 19.11088852
 19.70168935]",14.975282703732608,17.474596028033773,16.720967241673712,5.5313747873390104,31.549450549450547,11.967032967032967,-0.621903448275862,6.89655172413793e-08
8,8,8,MGTESGDPEEEELEEEEELVDPLETTVREQCEQLDEKCVKARERLEELCDERVSSRQSHTEEDCTEEKLFDFLHARDHMCVAHKLFNNLLK,"[12.94499111 13.74152303 14.53805495 ... 19.31724649 20.11377841
 20.91031033]",13.741523031422966,17.436163220132002,14.845803475353684,5.978570033181136,31.549450549450547,11.967032967032967,-0.621903448275862,6.89655172413793e-08
9,9,9,MGTESGDPEEEELEEEEELVDPLETTVREQCEQLDEKCVKARERLEELCDERVSSRQSHTEEDCTEEKLFDFLHARDHMCVAHKLFNNLLK,"[12.55675202 13.12373271 13.69071341 ... 17.09259759 17.65957828
 18.22655898]",12.556752017383369,17.50383025073118,12.993570354877455,5.132876806938652,31.549450549450547,11.967032967032967,-0.621903448275862,6.89655172413793e-08
10,10,10,MGTESGDPEEEELEEEEELVDPLETTVREQCEQLDEKCVKARERLEELCDERVSSRQSHTEEDCTEEKLFDFLHARDHMCVAHKLFNNLLK,"[13.95747319 14.59845234 15.2394315  ... 19.08530643 19.72628559
 20.36726474]",14.598452344584706,17.431700933438613,15.256308574121473,4.661057891113256,31.549450549450547,11.967032967032967,-0.621903448275862,6.89655172413793e-08
11,11,11,MGTESGDPEEEELEEEEELVDPLETTVREQCEQLDEKCVKARERLEELCDERVSSRQSHTEEDCTEEKLFDFLHARDHMCVAHKLFNNLLK,"[13.42859228 13.83642015 14.24424802 ... 16.69121524 17.09904311
 17.50687098]",14.244248018032188,17.506870981080905,15.219557309988756,4.537449978802366,31.549450549450547,11.967032967032967,-0.621903448275862,6.89655172413793e-08
12,12,12,MGTESGDPEEEELEEEEELVDPLETTVREQCEQLDEKCVKARERLEELCDERVSSRQSHTEEDCTEEKLFDFLHARDHMCVAHKLFNNLLK,"[13.78883756 14.16338632 14.53793508 ... 16.78522762 17.15977638
 17.53432514]",15.287032591989579,17.534325135676433,15.034136929350428,3.4039235949833633,31.549450549450547,11.967032967032967,-0.621903448275862,6.89655172413793e-08
13,13,13,MGTESGDPEEEELEEEEELVDPLETTVREQCEQLDEKCVKARERLEELCDERVSSRQSHTEEDCTEEKLFDFLHARDHMCVAHKLFNNLLK,"[13.48968039 14.03931774 14.58895509 ... 17.8867792  18.43641655
 18.9860539 ]",14.039317739710526,17.507680020577027,14.826421855748132,4.077316861291286,31.549450549450547,11.967032967032967,-0.621903448275862,6.89655172413793e-08
14,14,14,MGTESGDPEEEELEEEEELVDPLETTVREQCEQLDEKCVKARERLEELCDERVSSRQSHTEEDCTEEKLFDFLHARDHMCVAHKLFNNLLK,"[15.12962262 15.41022278 15.69082294 ... 17.3744239  17.65502406
 17.93562421]",16.532623416327137,17.513580333905992,16.885934130439612,6.694389607028611,31.549450549450547,11.967032967032967,-0.621903448275862,6.89655172413793e-08
15,15,15,MGTESGDPEEEELEEEEELVDPLETTVREQCEQLDEKCVKARERLEELCDERVSSRQSHTEEDCTEEKLFDFLHARDHMCVAHKLFNNLLK,"[14.80821183 15.20716418 15.60611653 ... 17.99983062 18.39878297
 18.79773532]",16.404021227903257,17.49043844331919,16.871799391957936,4.301151153838257,31.549450549450547,11.967032967032967,-0.621903448275862,6.89655172413793e-08
16,16,16,MGTESGDPEEEELEEEEELVDPLETTVREQCEQLDEKCVKARERLEELCDERVSSRQSHTEEDCTEEKLFDFLHARDHMCVAHKLFNNLLK,"[13.76532153 14.41289091 15.06046028 ... 18.94587655 19.59344593
 20.2410153 ]",14.41289090780267,17.726344772859413,14.622699305549213,4.942843521411097,31.549450549450547,11.967032967032967,-0.621903448275862,6.89655172413793e-08
17,17,17,MGTESGDPEEEELEEEEELVDPLETTVREQCEQLDEKCVKARERLEELCDERVSSRQSHTEEDCTEEKLFDFLHARDHMCVAHKLFNNLLK,"[13.072898   13.6509274  14.22895679 ... 17.69713319 18.27516259
 18.85319199]",13.65092739546108,17.530990939539002,14.847181607289189,6.141334473511562,31.549450549450547,11.967032967032967,-0.621903448275862,6.89655172413793e-08
18,18,18,MGTESGDPEEEELEEEEELVDPLETTVREQCEQLDEKCVKARERLEELCDERVSSRQSHTEEDCTEEKLFDFLHARDHMCVAHKLFNNLLK,"[14.44051172 14.94604766 15.45158359 ... 18.48479919 18.99033512
 19.49587105]",16.46265545561609,17.68500971101663,18.08854772205181,4.457068064576914,31.549450549450547,11.967032967032967,-0.621903448275862,6.89655172413793e-08
19,19,19,MGTESGDPEEEELEEEEELVDPLETTVREQCEQLDEKCVKARERLEELCDERVSSRQSHTEEDCTEEKLFDFLHARDHMCVAHKLFNNLLK,"[15.28483667 15.63382301 15.98280936 ... 18.0767274  18.42571375
 18.77470009]",16.331795696651408,17.506260722475584,15.974665178226873,5.2201519682642195,31.549450549450547,11.967032967032967,-0.621903448275862,6.89655172413793e-08
20,20,20,MGTESGDPEEEELEEEEELVDPLETTVREQCEQLDEKCVKARERLEELCDERVSSRQSHTEEDCTEEKLFDFLHARDHMCVAHKLFNNLLK,"[14.1647257  14.69632618 15.22792666 ... 18.41752951 18.94912999
 19.48073046]",14.164725704865331,17.427590549257502,14.783202876623664,5.3160616114952335,31.549450549450547,11.967032967032967,-0.621903448275862,6.89655172413793e-08
21,21,21,MGTESGDPEEEELEEEEELVDPLETTVREQCEQLDEKCVKARERLEELCDERVSSRQSHTEEDCTEEKLFDFLHARDHMCVAHKLFNNLLK,"[14.34020436 14.65948687 14.97876938 ... 16.89446446 17.21374697
 17.53302948]",15.936616920332053,17.473851740461832,15.91230805459394,4.992492782427327,31.549450549450547,11.967032967032967,-0.621903448275862,6.89655172413793e-08
22,22,22,MGTESGDPEEEELEEEEELVDPLETTVREQCEQLDEKCVKARERLEELCDERVSSRQSHTEEDCTEEKLFDFLHARDHMCVAHKLFNNLLK,"[13.55099783 13.96532301 14.3796482  ... 16.86559933 17.27992451
 17.6942497 ]",13.96532301319009,17.461091781055007,15.36333775346933,8.460220437451067,31.549450549450547,11.967032967032967,-0.621903448275862,6.89655172413793e-08
23,23,23,MGTESGDPEEEELEEEEELVDPLETTVREQCEQLDEKCVKARERLEELCDERVSSRQSHTEEDCTEEKLFDFLHARDHMCVAHKLFNNLLK,"[14.75015462 15.21417195 15.67818929 ... 18.46229328 18.92631062
 19.39032795]",17.53425861745596,17.52423861528778,17.795860994743524,4.558955825151885,31.549450549450547,11.967032967032967,-0.621903448275862,6.89655172413793e-08
24,24,24,MGTESGDPEEEELEEEEELVDPLETTVREQCEQLDEKCVKARERLEELCDERVSSRQSHTEEDCTEEKLFDFLHARDHMCVAHKLFNNLLK,"[14.60712407 15.13262914 15.65813422 ... 18.81116466 19.33666974
 19.86217481]",16.709144364945278,17.56134594312716,17.951124982262023,7.599786779129517,31.549450549450547,11.967032967032967,-0.621903448275862,6.89655172413793e-08
25,25,25,MGTESGDPEEEELEEEEELVDPLETTVREQCEQLDEKCVKARERLEELCDERVSSRQSHTEEDCTEEKLFDFLHARDHMCVAHKLFNNLLK,"[15.20152884 15.78232449 16.36312015 ... 19.84789408 20.42868974
 21.00948539]",16.943915803420058,17.45930318265352,17.27317159647788,5.982744420930519,31.549450549450547,11.967032967032967,-0.621903448275862,6.89655172413793e-08
26,26,26,MGTESGDPEEEELEEEEELVDPLETTVREQCEQLDEKCVKARERLEELCDERVSSRQSHTEEDCTEEKLFDFLHARDHMCVAHKLFNNLLK,"[15.22985036 15.60792127 15.98599218 ... 18.25441766 18.63248857
 19.01055948]",15.985992182904893,17.45544989951131,16.098896444153787,4.91537490159842,31.549450549450547,11.967032967032967,-0.621903448275862,6.89655172413793e-08
27,27,27,MGTESGDPEEEELEEEEELVDPLETTVREQCEQLDEKCVKARERLEELCDERVSSRQSHTEEDCTEEKLFDFLHARDHMCVAHKLFNNLLK,"[13.35781719 13.95986126 14.56190533 ... 18.17416974 18.77621381
 19.37825788]",13.95986125825933,17.545115658931866,14.494337515535214,5.246843979429591,31.549450549450547,11.967032967032967,-0.621903448275862,6.89655172413793e-08
28,28,28,MGTESGDPEEEELEEEEELVDPLETTVREQCEQLDEKCVKARERLEELCDERVSSRQSHTEEDCTEEKLFDFLHARDHMCVAHKLFNNLLK,"[12.59887491 13.15956991 13.72026491 ... 17.08443489 17.64512989
 18.20582488]",13.720264907974435,17.4689487818869,13.420161500100816,6.204389659837292,31.549450549450547,11.967032967032967,-0.621903448275862,6.89655172413793e-08
29,29,29,MGTESGDPEEEELEEEEELVDPLETTVREQCEQLDEKCVKARERLEELCDERVSSRQSHTEEDCTEEKLFDFLHARDHMCVAHKLFNNLLK,"[13.87793002 14.69728539 15.51664075 ... 20.43277296 21.25212833
 22.07148369]",14.697285387346598,17.618236138358046,15.68097628010585,4.570791221396665,31.549450549450547,11.967032967032967,-0.621903448275862,6.89655172413793e-08
30,30,30,MGTESGDPEEEELEEEEELVDPLETTVREQCEQLDEKCVKARERLEELCDERVSSRQSHTEEDCTEEKLFDFLHARDHMCVAHKLFNNLLK,"[13.08616067 13.77259739 14.45903411 ... 18.57765441 19.26409113
 19.95052785]",13.086160672931,17.515315839462712,14.095210961774294,5.257628865350638,31.549450549450547,11.967032967032967,-0.621903448275862,6.89655172413793e-08
31,31,31,MGTESGDPEEEELEEEEELVDPLETTVREQCEQLDEKCVKARERLEELCDERVSSRQSHTEEDCTEEKLFDFLHARDHMCVAHKLFNNLLK,"[13.49614016 14.02174296 14.54734576 ... 17.70096255 18.22656535
 18.75216815]",14.021742961154342,17.490821539757462,14.477820648536046,4.32511313688148,31.549450549450547,11.967032967032967,-0.621903448275862,6.89655172413793e-08
32,32,32,MGTESGDPEEEELEEEEELVDPLETTVREQCEQLDEKCVKARERLEELCDERVSSRQSHTEEDCTEEKLFDFLHARDHMCVAHKLFNNLLK,"[14.84904105 15.42760866 16.00617627 ... 19.47758195 20.05614956
 20.63471717]",15.427608658331149,17.534517534104268,15.482807777418596,5.188417076402564,31.549450549450547,11.967032967032967,-0.621903448275862,6.89655172413793e-08
33,33,33,MGTESGDPEEEELEEEEELVDPLETTVREQCEQLDEKCVKARERLEELCDERVSSRQSHTEEDCTEEKLFDFLHARDHMCVAHKLFNNLLK,"[13.51380926 13.924662   14.33551474 ... 16.80063117 17.21148391
 17.62233665]",14.746367478198303,17.485451089553713,14.005858034643135,4.751332418657326,31.549450549450547,11.967032967032967,-0.621903448275862,6.89655172413793e-08
34,34,34,MGTESGDPEEEELEEEEELVDPLETTVREQCEQLDEKCVKARERLEELCDERVSSRQSHTEEDCTEEKLFDFLHARDHMCVAHKLFNNLLK,"[13.26521054 13.81349779 14.36178504 ... 17.65150853 18.19979577
 18.74808302]",13.813497789856793,17.491111641688804,13.825022082662532,4.932016656130812,31.549450549450547,11.967032967032967,-0.621903448275862,6.89655172413793e-08
35,35,35,MGTESGDPEEEELEEEEELVDPLETTVREQCEQLDEKCVKARERLEELCDERVSSRQSHTEEDCTEEKLFDFLHARDHMCVAHKLFNNLLK,"[13.89108385 14.25968719 14.62829052 ... 16.83991053 17.20851387
 17.5771172 ]",15.365497193533608,17.577117202761663,15.356598724298587,8.184295199040399,31.549450549450547,11.967032967032967,-0.621903448275862,6.89655172413793e-08
36,36,36,MGTESGDPEEEELEEEEELVDPLETTVREQCEQLDEKCVKARERLEELCDERVSSRQSHTEEDCTEEKLFDFLHARDHMCVAHKLFNNLLK,"[13.74853472 14.12530401 14.5020733  ... 16.76268905 17.13945834
 17.51622763]",14.125304013707984,17.516227630076887,14.071716680497515,5.016680565735694,31.549450549450547,11.967032967032967,-0.621903448275862,6.89655172413793e-08
37,37,37,MGTESGDPEEEELEEEEELVDPLETTVREQCEQLDEKCVKARERLEELCDERVSSRQSHTEEDCTEEKLFDFLHARDHMCVAHKLFNNLLK,"[12.7752324  13.24173866 13.70824493 ... 16.5072825  16.97378876
 17.44029503]",13.241738663398484,17.44029502673496,13.480323737473887,5.718102312199327,31.549450549450547,11.967032967032967,-0.621903448275862,6.89655172413793e-08
38,38,38,MGTESGDPEEEELEEEEELVDPLETTVREQCEQLDEKCVKARERLEELCDERVSSRQSHTEEDCTEEKLFDFLHARDHMCVAHKLFNNLLK,"[13.86246852 14.29939347 14.73631842 ... 17.35786811 17.79479306
 18.23171801]",14.299393470934254,17.362373153949903,14.734118961145061,3.978600638206116,31.549450549450547,11.967032967032967,-0.621903448275862,6.89655172413793e-08
39,39,39,MGTESGDPEEEELEEEEELVDPLETTVREQCEQLDEKCVKARERLEELCDERVSSRQSHTEEDCTEEKLFDFLHARDHMCVAHKLFNNLLK,"[13.23595859 13.65432699 14.07269539 ... 16.58290578 17.00127418
 17.41964258]",13.654326991246958,17.41964257612797,13.696431361574266,4.714332724605095,31.549450549450547,11.967032967032967,-0.621903448275862,6.89655172413793e-08
40,40,40,MGTESGDPEEEELEEEEELVDPLETTVREQCEQLDEKCVKARERLEELCDERVSSRQSHTEEDCTEEKLFDFLHARDHMCVAHKLFNNLLK,"[14.09181165 14.5923309  15.09285016 ... 18.09596567 18.59648493
 19.09700418]",15.092850157056908,17.53670870047304,16.705590562530862,3.9746506226528697,31.549450549450547,11.967032967032967,-0.621903448275862,6.89655172413793e-08
41,41,41,MGTESGDPEEEELEEEEELVDPLETTVREQCEQLDEKCVKARERLEELCDERVSSRQSHTEEDCTEEKLFDFLHARDHMCVAHKLFNNLLK,"[13.75450152 14.62110095 15.48770037 ... 20.68729692 21.55389634
 22.42049577]",13.754501523246038,17.480079821396693,14.335072841893599,6.215928889567446,31.549450549450547,11.967032967032967,-0.621903448275862,6.89655172413793e-08
42,42,42,MGTESGDPEEEELEEEEELVDPLETTVREQCEQLDEKCVKARERLEELCDERVSSRQSHTEEDCTEEKLFDFLHARDHMCVAHKLFNNLLK,"[15.96104073 16.30691072 16.6527807  ... 18.72800061 19.0738706
 19.41974058]",16.998650688087913,17.476246600365506,16.593897831257152,3.3284348266983828,31.549450549450547,11.967032967032967,-0.621903448275862,6.89655172413793e-08
43,43,43,MGTESGDPEEEELEEEEELVDPLETTVREQCEQLDEKCVKARERLEELCDERVSSRQSHTEEDCTEEKLFDFLHARDHMCVAHKLFNNLLK,"[14.58334663 14.94977649 15.31620635 ... 17.51478551 17.88121537
 18.24764523]",15.682636210927924,17.56482827796373,15.399623274796733,6.972940537048531,31.549450549450547,11.967032967032967,-0.621903448275862,6.89655172413793e-08
44,44,44,MGTESGDPEEEELEEEEELVDPLETTVREQCEQLDEKCVKARERLEELCDERVSSRQSHTEEDCTEEKLFDFLHARDHMCVAHKLFNNLLK,"[14.13824589 14.54536799 14.9524901  ... 17.39522272 17.80234483
 18.20946693]",16.173856409649616,17.56678984256196,17.091594248439332,4.716946861417699,31.549450549450547,11.967032967032967,-0.621903448275862,6.89655172413793e-08
45,45,45,MGTESGDPEEEELEEEEELVDPLETTVREQCEQLDEKCVKARERLEELCDERVSSRQSHTEEDCTEEKLFDFLHARDHMCVAHKLFNNLLK,"[13.67649912 14.25200481 14.8275105  ... 18.28054463 18.85605032
 19.431556  ]",15.403016185080205,17.465406365598508,15.973958768449988,5.2669146940183875,31.549450549450547,11.967032967032967,-0.621903448275862,6.89655172413793e-08
46,46,46,MGTESGDPEEEELEEEEELVDPLETTVREQCEQLDEKCVKARERLEELCDERVSSRQSHTEEDCTEEKLFDFLHARDHMCVAHKLFNNLLK,"[16.76994993 17.28141388 17.79287783 ... 20.86166151 21.37312546
 21.8845894 ]",17.792877826555426,17.47515450132199,17.342375477679006,5.3062667454822465,31.549450549450547,11.967032967032967,-0.621903448275862,6.89655172413793e-08
47,47,47,MGTESGDPEEEELEEEEELVDPLETTVREQCEQLDEKCVKARERLEELCDERVSSRQSHTEEDCTEEKLFDFLHARDHMCVAHKLFNNLLK,"[14.15903095 14.85159435 15.54415774 ... 19.69953812 20.39210151
 21.08466491]",14.851594349795947,17.47502519349482,15.417375414627712,4.313291994044802,31.549450549450547,11.967032967032967,-0.621903448275862,6.89655172413793e-08
48,48,48,MGTESGDPEEEELEEEEELVDPLETTVREQCEQLDEKCVKARERLEELCDERVSSRQSHTEEDCTEEKLFDFLHARDHMCVAHKLFNNLLK,"[13.24263271 13.68496897 14.12730523 ... 16.78132281 17.22365907
 17.66599533]",13.684968970626455,17.505295239088678,13.767576186984286,6.681455793197043,31.549450549450547,11.967032967032967,-0.621903448275862,6.89655172413793e-08
49,49,49,MGTESGDPEEEELEEEEELVDPLETTVREQCEQLDEKCVKARERLEELCDERVSSRQSHTEEDCTEEKLFDFLHARDHMCVAHKLFNNLLK,"[13.73290695 14.13772722 14.54254748 ... 16.97146905 17.37628932
 17.78110958]",15.352188004050198,17.46843920595288,15.776243585415811,6.722297225157697,31.549450549450547,11.967032967032967,-0.621903448275862,6.89655172413793e-08
50,50,50,MGTESGDPEEEELEEEEELVDPLETTVREQCEQLDEKCVKARERLEELCDERVSSRQSHTEEDCTEEKLFDFLHARDHMCVAHKLFNNLLK,"[14.95603743 15.28307972 15.61012202 ... 17.57237579 17.89941809
 18.22646038]",16.264206608502334,17.415306319277764,16.793177647819167,4.623023831286226,31.549450549450547,11.967032967032967,-0.621903448275862,6.89655172413793e-08
51,51,51,MGTESGDPEEEELEEEEELVDPLETTVREQCEQLDEKCVKARERLEELCDERVSSRQSHTEEDCTEEKLFDFLHARDHMCVAHKLFNNLLK,"[13.62382712 14.0057207  14.38761429 ... 16.6789758  17.06086938
 17.44276297]",14.387614288152278,17.442762967941903,15.629133146842161,4.8178321051119815,31.549450549450547,11.967032967032967,-0.621903448275862,6.89655172413793e-08
52,52,52,MGTESGDPEEEELEEEEELVDPLETTVREQCEQLDEKCVKARERLEELCDERVSSRQSHTEEDCTEEKLFDFLHARDHMCVAHKLFNNLLK,"[13.10709049 14.00408727 14.90108404 ... 20.28306469 21.18006147
 22.07705824]",14.004087266168721,17.480032430991447,15.290130218219971,5.7372616984313,31.549450549450547,11.967032967032967,-0.621903448275862,6.89655172413793e-08
53,53,53,MGTESGDPEEEELEEEEELVDPLETTVREQCEQLDEKCVKARERLEELCDERVSSRQSHTEEDCTEEKLFDFLHARDHMCVAHKLFNNLLK,"[13.51489642 13.91007084 14.30524525 ... 16.67629177 17.07146618
 17.4666406 ]",13.910070836428053,17.466640601944636,14.383030828873085,6.902037272564001,31.549450549450547,11.967032967032967,-0.621903448275862,6.89655172413793e-08
54,54,54,MGTESGDPEEEELEEEEELVDPLETTVREQCEQLDEKCVKARERLEELCDERVSSRQSHTEEDCTEEKLFDFLHARDHMCVAHKLFNNLLK,"[14.86290928 15.34816239 15.83341549 ... 18.7449341  19.2301872
 19.71544031]",16.318668589924634,17.47859023457437,16.144627790540213,4.518855995572896,31.549450549450547,11.967032967032967,-0.621903448275862,6.89655172413793e-08
55,55,55,MGTESGDPEEEELEEEEELVDPLETTVREQCEQLDEKCVKARERLEELCDERVSSRQSHTEEDCTEEKLFDFLHARDHMCVAHKLFNNLLK,"[13.51791707 14.00163805 14.48535903 ... 17.38768492 17.8714059
 18.35512688]",14.485359032949177,17.506925652392532,15.544128321891208,3.971599031666748,31.549450549450547,11.967032967032967,-0.621903448275862,6.89655172413793e-08
56,56,56,MGTESGDPEEEELEEEEELVDPLETTVREQCEQLDEKCVKARERLEELCDERVSSRQSHTEEDCTEEKLFDFLHARDHMCVAHKLFNNLLK,"[14.48740971 15.01607334 15.54473697 ... 18.71671873 19.24538236
 19.77404599]",15.544736966093955,17.456393477495787,16.163845632863623,5.442052017254807,31.549450549450547,11.967032967032967,-0.621903448275862,6.89655172413793e-08
57,57,57,MGTESGDPEEEELEEEEELVDPLETTVREQCEQLDEKCVKARERLEELCDERVSSRQSHTEEDCTEEKLFDFLHARDHMCVAHKLFNNLLK,"[13.93777476 14.33940597 14.74103718 ... 17.15082444 17.55245565
 17.95408686]",14.741037180211576,17.442138827806307,14.785911132670007,6.2683921420633535,31.549450549450547,11.967032967032967,-0.621903448275862,6.89655172413793e-08
58,58,58,MGTESGDPEEEELEEEEELVDPLETTVREQCEQLDEKCVKARERLEELCDERVSSRQSHTEEDCTEEKLFDFLHARDHMCVAHKLFNNLLK,"[15.12292796 15.48334516 15.84376235 ... 18.00626553 18.36668273
 18.72709992]",15.48334515916855,17.44691560412703,15.491872292927782,5.3805751149457155,31.549450549450547,11.967032967032967,-0.621903448275862,6.89655172413793e-08
59,59,59,MGTESGDPEEEELEEEEELVDPLETTVREQCEQLDEKCVKARERLEELCDERVSSRQSHTEEDCTEEKLFDFLHARDHMCVAHKLFNNLLK,"[12.96782746 13.60498844 14.24214942 ... 18.0651153  18.70227628
 19.33943726]",12.967827462095814,17.414263750185142,13.717339446593106,6.4975427307776785,31.549450549450547,11.967032967032967,-0.621903448275862,6.89655172413793e-08
60,60,60,MGTESGDPEEEELEEEEELVDPLETTVREQCEQLDEKCVKARERLEELCDERVSSRQSHTEEDCTEEKLFDFLHARDHMCVAHKLFNNLLK,"[14.98405123 15.39483657 15.8056219  ... 18.27033392 18.68111925
 19.09190459]",15.805621901592513,17.646680148807658,16.41951013293873,3.6009050017305637,31.549450549450547,11.967032967032967,-0.621903448275862,6.89655172413793e-08
61,61,61,MGTESGDPEEEELEEEEELVDPLETTVREQCEQLDEKCVKARERLEELCDERVSSRQSHTEEDCTEEKLFDFLHARDHMCVAHKLFNNLLK,"[13.75553093 14.12573574 14.49594055 ... 16.71716942 17.08737424
 17.45757905]",14.125735742802787,17.45757904765553,14.793200200516026,4.9285918338299455,31.549450549450547,11.967032967032967,-0.621903448275862,6.89655172413793e-08
62,62,62,MGTESGDPEEEELEEEEELVDPLETTVREQCEQLDEKCVKARERLEELCDERVSSRQSHTEEDCTEEKLFDFLHARDHMCVAHKLFNNLLK,"[14.04522206 14.51190515 14.97858823 ... 17.77868675 18.24536984
 18.71205292]",14.51190514886765,17.530503657520526,14.942964189288507,4.949330607560642,31.549450549450547,11.967032967032967,-0.621903448275862,6.89655172413793e-08
63,63,63,MGTESGDPEEEELEEEEELVDPLETTVREQCEQLDEKCVKARERLEELCDERVSSRQSHTEEDCTEEKLFDFLHARDHMCVAHKLFNNLLK,"[13.25821601 13.93243774 14.60665946 ... 18.65198982 19.32621154
 20.00043327]",13.932437739435143,17.48278926940831,13.927270065858474,6.55848865179228,31.549450549450547,11.967032967032967,-0.621903448275862,6.89655172413793e-08
64,64,64,MGTESGDPEEEELEEEEELVDPLETTVREQCEQLDEKCVKARERLEELCDERVSSRQSHTEEDCTEEKLFDFLHARDHMCVAHKLFNNLLK,"[13.86140253 14.54260489 15.22380724 ... 19.31102139 19.99222375
 20.67342611]",15.905009603271534,17.444135420402624,16.461699644137546,4.76434129230097,31.549450549450547,11.967032967032967,-0.621903448275862,6.89655172413793e-08
65,65,65,MGTESGDPEEEELEEEEELVDPLETTVREQCEQLDEKCVKARERLEELCDERVSSRQSHTEEDCTEEKLFDFLHARDHMCVAHKLFNNLLK,"[15.8729891  16.72711343 17.58123775 ... 22.70598371 23.56010804
 24.41423237]",20.143610732474283,17.472002861157414,17.354570046748755,7.756187054782567,31.549450549450547,11.967032967032967,-0.621903448275862,6.89655172413793e-08
66,66,66,MGTESGDPEEEELEEEEELVDPLETTVREQCEQLDEKCVKARERLEELCDERVSSRQSHTEEDCTEEKLFDFLHARDHMCVAHKLFNNLLK,"[15.37836607 15.98730442 16.59624277 ... 20.24987285 20.8588112
 21.46774954]",19.031996154960652,17.455115955406892,19.459931800142485,4.5878937395703945,31.549450549450547,11.967032967032967,-0.621903448275862,6.89655172413793e-08
67,67,67,MGTESGDPEEEELEEEEELVDPLETTVREQCEQLDEKCVKARERLEELCDERVSSRQSHTEEDCTEEKLFDFLHARDHMCVAHKLFNNLLK,"[15.84764532 16.33636929 16.82509325 ... 19.75743705 20.24616101
 20.73488498]",16.82509325447398,17.493682119539304,16.887457073508962,4.935292987617863,31.549450549450547,11.967032967032967,-0.621903448275862,6.89655172413793e-08
68,68,68,MGTESGDPEEEELEEEEELVDPLETTVREQCEQLDEKCVKARERLEELCDERVSSRQSHTEEDCTEEKLFDFLHARDHMCVAHKLFNNLLK,"[13.1429756  13.64291736 14.14285912 ... 17.14250967 17.64245143
 18.14239318]",13.642917361713714,17.475103620028353,15.238708600791952,5.886632078310098,31.549450549450547,11.967032967032967,-0.621903448275862,6.89655172413793e-08
69,69,69,MGTESGDPEEEELEEEEELVDPLETTVREQCEQLDEKCVKARERLEELCDERVSSRQSHTEEDCTEEKLFDFLHARDHMCVAHKLFNNLLK,"[13.85260162 14.2415406  14.63047957 ... 16.96411342 17.3530524
 17.74199137]",14.630479572207673,17.457226208449896,14.959963879104658,5.095635825275483,31.549450549450547,11.967032967032967,-0.621903448275862,6.89655172413793e-08
70,70,70,MGTESGDPEEEELEEEEELVDPLETTVREQCEQLDEKCVKARERLEELCDERVSSRQSHTEEDCTEEKLFDFLHARDHMCVAHKLFNNLLK,"[13.27343759 13.70492239 14.13640719 ... 16.725316   17.1568008
 17.5882856 ]",14.136407189885876,17.588285601448828,14.425296029653282,4.581067404112656,31.549450549450547,11.967032967032967,-0.621903448275862,6.89655172413793e-08
71,71,71,MGTESGDPEEEELEEEEELVDPLETTVREQCEQLDEKCVKARERLEELCDERVSSRQSHTEEDCTEEKLFDFLHARDHMCVAHKLFNNLLK,"[14.04621777 14.43993698 14.83365619 ... 17.19597144 17.58969065
 17.98340986]",15.22737540019554,17.537393852639674,15.125543156290323,4.500016281769528,31.549450549450547,11.967032967032967,-0.621903448275862,6.89655172413793e-08
72,72,72,MGTESGDPEEEELEEEEELVDPLETTVREQCEQLDEKCVKARERLEELCDERVSSRQSHTEEDCTEEKLFDFLHARDHMCVAHKLFNNLLK,"[14.14434612 14.51452211 14.88469811 ... 17.10575411 17.47593011
 17.84610611]",15.254874112868727,17.551555640032372,15.410822842134204,4.6575090089313695,31.549450549450547,11.967032967032967,-0.621903448275862,6.89655172413793e-08
73,73,73,MGTESGDPEEEELEEEEELVDPLETTVREQCEQLDEKCVKARERLEELCDERVSSRQSHTEEDCTEEKLFDFLHARDHMCVAHKLFNNLLK,"[13.10596088 13.54387597 13.98179106 ... 16.60928163 17.04719673
 17.48511182]",13.981791064754988,17.485111822542223,14.697097454083558,6.6567394433449305,31.549450549450547,11.967032967032967,-0.621903448275862,6.89655172413793e-08
74,74,74,MGTESGDPEEEELEEEEELVDPLETTVREQCEQLDEKCVKARERLEELCDERVSSRQSHTEEDCTEEKLFDFLHARDHMCVAHKLFNNLLK,"[15.66611565 15.9521018  16.23808794 ... 17.95400481 18.23999096
 18.5259771 ]",16.810060232290272,17.46870426298526,17.506523577044113,4.617249115651076,31.549450549450547,11.967032967032967,-0.621903448275862,6.89655172413793e-08
75,75,75,MGTESGDPEEEELEEEEELVDPLETTVREQCEQLDEKCVKARERLEELCDERVSSRQSHTEEDCTEEKLFDFLHARDHMCVAHKLFNNLLK,"[14.37392318 14.71159741 15.04927165 ... 17.07531706 17.41299129
 17.75066553]",15.386945883724515,17.452403028615873,15.231812544256337,4.5806941786102335,31.549450549450547,11.967032967032967,-0.621903448275862,6.89655172413793e-08
76,76,76,MGTESGDPEEEELEEEEELVDPLETTVREQCEQLDEKCVKARERLEELCDERVSSRQSHTEEDCTEEKLFDFLHARDHMCVAHKLFNNLLK,"[13.59578834 14.1345536  14.67331887 ... 17.90591048 18.44467575
 18.98344102]",16.28961467591766,17.423640349392667,18.090370357661786,7.711643857670874,31.549450549450547,11.967032967032967,-0.621903448275862,6.89655172413793e-08
77,77,77,MGTESGDPEEEELEEEEELVDPLETTVREQCEQLDEKCVKARERLEELCDERVSSRQSHTEEDCTEEKLFDFLHARDHMCVAHKLFNNLLK,"[15.91097742 16.63408151 17.3571856  ... 21.69581011 22.41891419
 23.14201828]",20.972706023362782,17.53020184244517,19.75688489992611,4.370585705673057,31.549450549450547,11.967032967032967,-0.621903448275862,6.89655172413793e-08
78,78,78,MGTESGDPEEEELEEEEELVDPLETTVREQCEQLDEKCVKARERLEELCDERVSSRQSHTEEDCTEEKLFDFLHARDHMCVAHKLFNNLLK,"[13.59606145 13.99726946 14.39847746 ... 16.80572549 17.2069335
 17.6081415 ]",14.799685466231427,17.60814150117638,15.27589167204876,4.971634312353987,31.549450549450547,11.967032967032967,-0.621903448275862,6.89655172413793e-08
79,79,79,MGTESGDPEEEELEEEEELVDPLETTVREQCEQLDEKCVKARERLEELCDERVSSRQSHTEEDCTEEKLFDFLHARDHMCVAHKLFNNLLK,"[13.62059467 14.09573096 14.57086724 ... 17.42168496 17.89682124
 18.37195753]",15.046003527004595,17.533500732443688,15.091775123633944,5.4801242086430735,31.549450549450547,11.967032967032967,-0.621903448275862,6.89655172413793e-08
80,80,80,MGTESGDPEEEELEEEEELVDPLETTVREQCEQLDEKCVKARERLEELCDERVSSRQSHTEEDCTEEKLFDFLHARDHMCVAHKLFNNLLK,"[14.26738161 14.82101995 15.37465828 ... 18.6964883  19.25012664
 19.80376498]",15.374658282577537,17.509451569521392,15.241507654937749,5.098972623692176,31.549450549450547,11.967032967032967,-0.621903448275862,6.89655172413793e-08
81,81,81,MGTESGDPEEEELEEEEELVDPLETTVREQCEQLDEKCVKARERLEELCDERVSSRQSHTEEDCTEEKLFDFLHARDHMCVAHKLFNNLLK,"[14.08858679 14.64125547 15.19392416 ... 18.50993627 19.06260496
 19.61527365]",14.641255473069544,17.532880261863145,15.171055801861387,6.870751843032656,31.549450549450547,11.967032967032967,-0.621903448275862,6.89655172413793e-08
82,82,82,MGTESGDPEEEELEEEEELVDPLETTVREQCEQLDEKCVKARERLEELCDERVSSRQSHTEEDCTEEKLFDFLHARDHMCVAHKLFNNLLK,"[15.61721493 15.91735992 16.21750492 ... 18.01837491 18.3185199
 18.6186649 ]",16.21750492065833,17.518530403909132,16.452099188723558,6.122628064474068,31.549450549450547,11.967032967032967,-0.621903448275862,6.89655172413793e-08
83,83,83,MGTESGDPEEEELEEEEELVDPLETTVREQCEQLDEKCVKARERLEELCDERVSSRQSHTEEDCTEEKLFDFLHARDHMCVAHKLFNNLLK,"[14.22668543 14.67379706 15.12090869 ... 17.8035785  18.25069013
 18.69780176]",15.568020327164795,17.483623398716343,17.50559073475275,3.6437129079199018,31.549450549450547,11.967032967032967,-0.621903448275862,6.89655172413793e-08
84,84,84,MGTESGDPEEEELEEEEELVDPLETTVREQCEQLDEKCVKARERLEELCDERVSSRQSHTEEDCTEEKLFDFLHARDHMCVAHKLFNNLLK,"[14.23355895 14.69081928 15.14807961 ... 17.8916416  18.34890193
 18.80616226]",15.148079612253404,17.580535271247047,15.608032756528337,5.909678269125494,31.549450549450547,11.967032967032967,-0.621903448275862,6.89655172413793e-08
85,85,85,MGTESGDPEEEELEEEEELVDPLETTVREQCEQLDEKCVKARERLEELCDERVSSRQSHTEEDCTEEKLFDFLHARDHMCVAHKLFNNLLK,"[13.82356197 14.37874087 14.93391977 ... 18.26499318 18.82017208
 19.37535098]",14.933919773259374,17.46923041886577,16.171053191176426,6.075632777083922,31.549450549450547,11.967032967032967,-0.621903448275862,6.89655172413793e-08
86,86,86,MGTESGDPEEEELEEEEELVDPLETTVREQCEQLDEKCVKARERLEELCDERVSSRQSHTEEDCTEEKLFDFLHARDHMCVAHKLFNNLLK,"[15.54152568 16.17726348 16.81300128 ... 20.62742809 21.2631659
 21.8989037 ]",18.720214688119174,17.40331027424535,18.772605397205265,5.204821092035866,31.549450549450547,11.967032967032967,-0.621903448275862,6.89655172413793e-08
87,87,87,MGTESGDPEEEELEEEEELVDPLETTVREQCEQLDEKCVKARERLEELCDERVSSRQSHTEEDCTEEKLFDFLHARDHMCVAHKLFNNLLK,"[14.20558339 14.59028576 14.97498812 ... 17.28320231 17.66790468
 18.05260704]",15.359690487955437,17.47979610940418,15.492233264666169,4.1418638616834285,31.549450549450547,11.967032967032967,-0.621903448275862,6.89655172413793e-08
88,88,88,MGTESGDPEEEELEEEEELVDPLETTVREQCEQLDEKCVKARERLEELCDERVSSRQSHTEEDCTEEKLFDFLHARDHMCVAHKLFNNLLK,"[14.63029485 15.07932534 15.52835582 ... 18.22253876 18.67156924
 19.12059973]",15.52835582486907,17.531546237073766,14.996548454966453,4.530172940956526,31.549450549450547,11.967032967032967,-0.621903448275862,6.89655172413793e-08
89,89,89,MGTESGDPEEEELEEEEELVDPLETTVREQCEQLDEKCVKARERLEELCDERVSSRQSHTEEDCTEEKLFDFLHARDHMCVAHKLFNNLLK,"[14.19390298 14.65321325 15.11252353 ... 17.86838521 18.32769548
 18.78700576]",14.65321325428976,17.52445938962989,15.316921266957523,7.402358117833258,31.549450549450547,11.967032967032967,-0.621903448275862,6.89655172413793e-08
90,90,90,MGTESGDPEEEELEEEEELVDPLETTVREQCEQLDEKCVKARERLEELCDERVSSRQSHTEEDCTEEKLFDFLHARDHMCVAHKLFNNLLK,"[13.54700828 14.08229945 14.61759062 ... 17.82933767 18.36462884
 18.89992002]",14.082299449794347,17.503878217023498,14.557772869937933,5.9524007544822375,31.549450549450547,11.967032967032967,-0.621903448275862,6.89655172413793e-08
91,91,91,MGTESGDPEEEELEEEEELVDPLETTVREQCEQLDEKCVKARERLEELCDERVSSRQSHTEEDCTEEKLFDFLHARDHMCVAHKLFNNLLK,"[14.59216099 14.88228076 15.17240054 ... 16.91311919 17.20323896
 17.49335874]",15.75264008795408,17.493358737800413,15.200221392780811,3.3729807980970485,31.549450549450547,11.967032967032967,-0.621903448275862,6.89655172413793e-08
92,92,92,MGTESGDPEEEELEEEEELVDPLETTVREQCEQLDEKCVKARERLEELCDERVSSRQSHTEEDCTEEKLFDFLHARDHMCVAHKLFNNLLK,"[13.28789615 13.80815938 14.3284226  ... 17.45000193 17.97026516
 18.49052838]",13.808159377286856,17.481005691704915,14.183930559939627,8.093055273110076,31.549450549450547,11.967032967032967,-0.621903448275862,6.89655172413793e-08
93,93,93,MGTESGDPEEEELEEEEELVDPLETTVREQCEQLDEKCVKARERLEELCDERVSSRQSHTEEDCTEEKLFDFLHARDHMCVAHKLFNNLLK,"[13.27992984 13.70035082 14.1207718  ... 16.64329768 17.06371866
 17.48413963]",13.700350820895267,17.484139634537154,14.87933797708292,6.708609710534775,31.549450549450547,11.967032967032967,-0.621903448275862,6.89655172413793e-08
94,94,94,MGTESGDPEEEELEEEEELVDPLETTVREQCEQLDEKCVKARERLEELCDERVSSRQSHTEEDCTEEKLFDFLHARDHMCVAHKLFNNLLK,"[13.44343271 14.17680584 14.91017896 ... 19.31041769 20.04379081
 20.77716393]",14.1768058363499,17.47636889711858,14.128944631116982,6.2854181533264875,31.549450549450547,11.967032967032967,-0.621903448275862,6.89655172413793e-08
95,95,95,MGTESGDPEEEELEEEEELVDPLETTVREQCEQLDEKCVKARERLEELCDERVSSRQSHTEEDCTEEKLFDFLHARDHMCVAHKLFNNLLK,"[14.46391286 14.78712881 15.11034476 ... 17.04964046 17.37285641
 17.69607236]",15.433560707145652,17.416561361634017,15.836320993221015,3.613491849674476,31.549450549450547,11.967032967032967,-0.621903448275862,6.89655172413793e-08
96,96,96,MGTESGDPEEEELEEEEELVDPLETTVREQCEQLDEKCVKARERLEELCDERVSSRQSHTEEDCTEEKLFDFLHARDHMCVAHKLFNNLLK,"[13.73189823 14.10199378 14.47208933 ... 16.69266265 17.0627582
 17.43285375]",14.842184885771587,17.43285375153074,15.557275984324527,4.649806013267686,31.549450549450547,11.967032967032967,-0.621903448275862,6.89655172413793e-08
97,97,97,MGTESGDPEEEELEEEEELVDPLETTVREQCEQLDEKCVKARERLEELCDERVSSRQSHTEEDCTEEKLFDFLHARDHMCVAHKLFNNLLK,"[14.23566277 14.58765851 14.93965425 ... 17.05162868 17.40362441
 17.75562015]",14.587658508680189,17.663926108123288,14.903738592636845,7.334973827207047,31.549450549450547,11.967032967032967,-0.621903448275862,6.89655172413793e-08
98,98,98,MGTESGDPEEEELEEEEELVDPLETTVREQCEQLDEKCVKARERLEELCDERVSSRQSHTEEDCTEEKLFDFLHARDHMCVAHKLFNNLLK,"[12.84600863 13.42171047 13.99741231 ... 17.45162334 18.02732518
 18.60302702]",14.573114145806697,17.539827005675527,14.474679367604267,4.863116632652792,31.549450549450547,11.967032967032967,-0.621903448275862,6.89655172413793e-08
